<?xml version="1.0" encoding="utf-8"?>
<project version="2.0.0a10" title="">
  <file path="Users.php" hash="c6a0a24017949d7954a042197e427d53" package="Default">
    <namespace-alias name="Database">core\Database</namespace-alias>
    <class final="false" abstract="false" namespace="core" line="10" package="core">
      <extends/>
      <name>Users</name>
      <full_name>\core\Users</full_name>
      <docblock line="6">
        <description><![CDATA[]]></description>
        <long-description><![CDATA[]]></long-description>
        <tag line="6" name="author" description="Leonardo Rocha &lt;leonardo.lsrocha@gmail.com&gt;"/>
        <tag line="6" name="package" description="core"/>
      </docblock>
      <property final="false" static="false" visibility="private" line="15" namespace="core" package="Default">
        <name>$database</name>
        <default><![CDATA[]]></default>
        <docblock line="12">
          <description><![CDATA[]]></description>
          <long-description><![CDATA[]]></long-description>
          <tag line="12" name="var" description="" type="\core\Database">
            <type by_reference="false">\core\Database</type>
          </tag>
        </docblock>
      </property>
      <method final="false" abstract="false" static="false" visibility="public" namespace="core" line="17" package="core">
        <name>__construct</name>
        <full_name>__construct</full_name>
      </method>
      <method final="false" abstract="false" static="false" visibility="public" namespace="core" line="29" package="core">
        <name>addUser</name>
        <full_name>addUser</full_name>
        <docblock line="22">
          <description><![CDATA[]]></description>
          <long-description><![CDATA[]]></long-description>
          <tag line="22" name="param" description="" type="string" variable="$name">
            <type by_reference="false">string</type>
          </tag>
          <tag line="22" name="param" description="" type="string" variable="$email">
            <type by_reference="false">string</type>
          </tag>
          <tag line="22" name="param" description="" type="string" variable="$password">
            <type by_reference="false">string</type>
          </tag>
          <tag line="22" name="return" description="" type="boolean">
            <type by_reference="false">boolean</type>
          </tag>
        </docblock>
        <argument line="29">
          <name>$name</name>
          <default><![CDATA[]]></default>
          <type/>
        </argument>
        <argument line="29">
          <name>$email</name>
          <default><![CDATA[]]></default>
          <type/>
        </argument>
        <argument line="29">
          <name>$password</name>
          <default><![CDATA[]]></default>
          <type/>
        </argument>
      </method>
      <method final="false" abstract="false" static="false" visibility="public" namespace="core" line="49" package="core">
        <name>deleteUser</name>
        <full_name>deleteUser</full_name>
        <docblock line="45">
          <description><![CDATA[]]></description>
          <long-description><![CDATA[]]></long-description>
          <tag line="45" name="param" description="User ID" type="int" variable="$id">
            <type by_reference="false">int</type>
          </tag>
          <tag line="45" name="return" description="" type="boolean">
            <type by_reference="false">boolean</type>
          </tag>
        </docblock>
        <argument line="49">
          <name>$id</name>
          <default><![CDATA[]]></default>
          <type/>
        </argument>
      </method>
      <method final="false" abstract="false" static="false" visibility="public" namespace="core" line="57" package="core">
        <name>listUsers</name>
        <full_name>listUsers</full_name>
        <docblock line="54">
          <description><![CDATA[]]></description>
          <long-description><![CDATA[]]></long-description>
          <tag line="54" name="return" description="" type="string">
            <type by_reference="false">string</type>
          </tag>
        </docblock>
      </method>
      <method final="false" abstract="false" static="false" visibility="public" namespace="core" line="79" package="core">
        <name>isEmailRegistered</name>
        <full_name>isEmailRegistered</full_name>
        <docblock line="75">
          <description><![CDATA[]]></description>
          <long-description><![CDATA[]]></long-description>
          <tag line="75" name="param" description="" type="string" variable="$email">
            <type by_reference="false">string</type>
          </tag>
          <tag line="75" name="return" description="" type="boolean">
            <type by_reference="false">boolean</type>
          </tag>
        </docblock>
        <argument line="79">
          <name>$email</name>
          <default><![CDATA[]]></default>
          <type/>
        </argument>
      </method>
      <method final="false" abstract="false" static="false" visibility="public" namespace="core" line="100" package="core">
        <name>generateSalt</name>
        <full_name>generateSalt</full_name>
        <docblock line="97">
          <description><![CDATA[]]></description>
          <long-description><![CDATA[]]></long-description>
          <tag line="97" name="return" description="" type="string">
            <type by_reference="false">string</type>
          </tag>
        </docblock>
      </method>
      <method final="false" abstract="false" static="false" visibility="public" namespace="core" line="117" package="core">
        <name>generateRecoveryToken</name>
        <full_name>generateRecoveryToken</full_name>
        <docblock line="113">
          <description><![CDATA[]]></description>
          <long-description><![CDATA[]]></long-description>
          <tag line="113" name="param" description="" type="string" variable="$email">
            <type by_reference="false">string</type>
          </tag>
          <tag line="113" name="return" description="" type="string">
            <type by_reference="false">string</type>
          </tag>
        </docblock>
        <argument line="117">
          <name>$email</name>
          <default><![CDATA[]]></default>
          <type/>
        </argument>
      </method>
      <method final="false" abstract="false" static="false" visibility="public" namespace="core" line="144" package="core">
        <name>createNewPassword</name>
        <full_name>createNewPassword</full_name>
        <docblock line="139">
          <description><![CDATA[]]></description>
          <long-description><![CDATA[]]></long-description>
          <tag line="139" name="param" description="" type="string" variable="$email">
            <type by_reference="false">string</type>
          </tag>
          <tag line="139" name="param" description="" type="string" variable="$password">
            <type by_reference="false">string</type>
          </tag>
          <tag line="139" name="param" description="" type="string" variable="$token">
            <type by_reference="false">string</type>
          </tag>
        </docblock>
        <argument line="144">
          <name>$email</name>
          <default><![CDATA[]]></default>
          <type/>
        </argument>
        <argument line="144">
          <name>$password</name>
          <default><![CDATA[]]></default>
          <type/>
        </argument>
        <argument line="144">
          <name>$token</name>
          <default><![CDATA[]]></default>
          <type/>
        </argument>
      </method>
    </class>
    <parse_markers>
      <error line="0" code="50007">No page-level DocBlock was found in file Users.php</error>
      <critical line="6" code="50005">No short description for class \core\Users</critical>
      <critical line="12" code="50019">No short description for property $database</critical>
      <error line="17" code="50010">No DocBlock was found for method __construct()</error>
      <error line="22" code="50012">No short description for method addUser()</error>
      <error line="45" code="50012">No short description for method deleteUser()</error>
      <error line="54" code="50012">No short description for method listUsers()</error>
      <error line="75" code="50012">No short description for method isEmailRegistered()</error>
      <error line="97" code="50012">No short description for method generateSalt()</error>
      <error line="113" code="50012">No short description for method generateRecoveryToken()</error>
      <error line="139" code="50012">No short description for method createNewPassword()</error>
    </parse_markers>
  </file>
  <file path="Authentication.php" hash="39ef65793df66c384f504fa5e6af4495" package="Default">
    <namespace-alias name="Database">core\Database</namespace-alias>
    <class final="false" abstract="false" namespace="core" line="11" package="core">
      <extends/>
      <name>Authentication</name>
      <full_name>\core\Authentication</full_name>
      <docblock line="6">
        <description><![CDATA[]]></description>
        <long-description><![CDATA[]]></long-description>
        <tag line="6" name="abstract" description=""/>
        <tag line="6" name="author" description="Leonardo Rocha &lt;leonardo.lsrocha@gmail.com&gt;"/>
        <tag line="6" name="package" description="core"/>
      </docblock>
      <method final="false" abstract="false" static="true" visibility="public" namespace="core" line="19" package="core">
        <name>login</name>
        <full_name>login</full_name>
        <docblock line="13">
          <description><![CDATA[]]></description>
          <long-description><![CDATA[]]></long-description>
          <tag line="13" name="static" description=""/>
          <tag line="13" name="param" description="" type="string" variable="$email">
            <type by_reference="false">string</type>
          </tag>
          <tag line="13" name="param" description="" type="string" variable="$password">
            <type by_reference="false">string</type>
          </tag>
          <tag line="13" name="param" description="URL you want to redirect user to" type="string" variable="$location">
            <type by_reference="false">string</type>
          </tag>
        </docblock>
        <argument line="19">
          <name>$email</name>
          <default><![CDATA[]]></default>
          <type/>
        </argument>
        <argument line="19">
          <name>$password</name>
          <default><![CDATA[]]></default>
          <type/>
        </argument>
        <argument line="19">
          <name>$location</name>
          <default><![CDATA[]]></default>
          <type/>
        </argument>
      </method>
      <method final="false" abstract="false" static="true" visibility="public" namespace="core" line="45" package="core">
        <name>logout</name>
        <full_name>logout</full_name>
        <docblock line="42">
          <description><![CDATA[]]></description>
          <long-description><![CDATA[]]></long-description>
          <tag line="42" name="static" description=""/>
        </docblock>
      </method>
      <method final="false" abstract="false" static="true" visibility="public" namespace="core" line="55" package="core">
        <name>isLoggedIn</name>
        <full_name>isLoggedIn</full_name>
        <docblock line="51">
          <description><![CDATA[]]></description>
          <long-description><![CDATA[]]></long-description>
          <tag line="51" name="static" description=""/>
          <tag line="51" name="return" description="" type="boolean">
            <type by_reference="false">boolean</type>
          </tag>
        </docblock>
      </method>
    </class>
    <parse_markers>
      <error line="0" code="50007">No page-level DocBlock was found in file Authentication.php</error>
      <critical line="6" code="50005">No short description for class \core\Authentication</critical>
      <error line="13" code="50012">No short description for method login()</error>
      <error line="42" code="50012">No short description for method logout()</error>
      <error line="51" code="50012">No short description for method isLoggedIn()</error>
    </parse_markers>
  </file>
  <file path="Database.php" hash="8ff78ecd0caf359f664d709e623854c1" package="Default">
    <class final="false" abstract="false" namespace="core" line="8" package="core">
      <extends/>
      <name>Database</name>
      <full_name>\core\Database</full_name>
      <docblock line="4">
        <description><![CDATA[]]></description>
        <long-description><![CDATA[]]></long-description>
        <tag line="4" name="author" description="Leonardo Rocha &lt;leonardo.lsrocha@gmail.com&gt;"/>
        <tag line="4" name="package" description="core"/>
      </docblock>
      <property final="false" static="true" visibility="private" line="16" namespace="core" package="Default">
        <name>$host</name>
        <default><![CDATA['']]></default>
        <docblock line="10">
          <description><![CDATA[Database host name.]]></description>
          <long-description><![CDATA[]]></long-description>
          <tag line="10" name="var" description="" type="string">
            <type by_reference="false">string</type>
          </tag>
          <tag line="10" name="static" description=""/>
        </docblock>
      </property>
      <property final="false" static="true" visibility="private" line="24" namespace="core" package="Default">
        <name>$user</name>
        <default><![CDATA['']]></default>
        <docblock line="18">
          <description><![CDATA[Database username.]]></description>
          <long-description><![CDATA[]]></long-description>
          <tag line="18" name="var" description="" type="string">
            <type by_reference="false">string</type>
          </tag>
          <tag line="18" name="static" description=""/>
        </docblock>
      </property>
      <property final="false" static="true" visibility="private" line="32" namespace="core" package="Default">
        <name>$password</name>
        <default><![CDATA['']]></default>
        <docblock line="26">
          <description><![CDATA[Database user password.]]></description>
          <long-description><![CDATA[]]></long-description>
          <tag line="26" name="var" description="" type="string">
            <type by_reference="false">string</type>
          </tag>
          <tag line="26" name="static" description=""/>
        </docblock>
      </property>
      <property final="false" static="true" visibility="private" line="40" namespace="core" package="Default">
        <name>$database</name>
        <default><![CDATA['']]></default>
        <docblock line="34">
          <description><![CDATA[Database table name.]]></description>
          <long-description><![CDATA[]]></long-description>
          <tag line="34" name="var" description="" type="string">
            <type by_reference="false">string</type>
          </tag>
          <tag line="34" name="static" description=""/>
        </docblock>
      </property>
      <property final="false" static="false" visibility="private" line="45" namespace="core" package="Default">
        <name>$mysql</name>
        <default><![CDATA[]]></default>
        <docblock line="42">
          <description><![CDATA[]]></description>
          <long-description><![CDATA[]]></long-description>
          <tag line="42" name="var" description="" type="\core\mysqli">
            <type by_reference="false">\core\mysqli</type>
          </tag>
        </docblock>
      </property>
      <method final="false" abstract="false" static="false" visibility="public" namespace="core" line="50" package="core">
        <name>connect</name>
        <full_name>connect</full_name>
        <docblock line="47">
          <description><![CDATA[Opens MySQL connection.]]></description>
          <long-description><![CDATA[]]></long-description>
        </docblock>
      </method>
      <method final="false" abstract="false" static="false" visibility="public" namespace="core" line="61" package="core">
        <name>query</name>
        <full_name>query</full_name>
        <docblock line="55">
          <description><![CDATA[Performs a query on the database.]]></description>
          <long-description><![CDATA[]]></long-description>
          <tag line="55" name="param" description="SQL Query" type="string" variable="$sql">
            <type by_reference="false">string</type>
          </tag>
          <tag line="55" name="return" description="object" type="\core\mysqli_result">
            <type by_reference="false">\core\mysqli_result</type>
          </tag>
        </docblock>
        <argument line="61">
          <name>$sql</name>
          <default><![CDATA[]]></default>
          <type/>
        </argument>
      </method>
      <method final="false" abstract="false" static="false" visibility="public" namespace="core" line="74" package="core">
        <name>basicQuery</name>
        <full_name>basicQuery</full_name>
        <docblock line="66">
          <description><![CDATA[Method for INSERT, UPDATE and DELETE queries.]]></description>
          <long-description><![CDATA[<p>It opens a MySQL connection, executes queries and closes connection.</p>]]></long-description>
          <tag line="66" name="param" description="SQL Query" type="string" variable="$sql">
            <type by_reference="false">string</type>
          </tag>
          <tag line="66" name="return" description="" type="boolean">
            <type by_reference="false">boolean</type>
          </tag>
        </docblock>
        <argument line="74">
          <name>$sql</name>
          <default><![CDATA[]]></default>
          <type/>
        </argument>
      </method>
      <method final="false" abstract="false" static="false" visibility="public" namespace="core" line="86" package="core">
        <name>disconnect</name>
        <full_name>disconnect</full_name>
        <docblock line="83">
          <description><![CDATA[Closes MySQL connection.]]></description>
          <long-description><![CDATA[]]></long-description>
        </docblock>
      </method>
    </class>
    <parse_markers>
      <error line="0" code="50007">No page-level DocBlock was found in file Database.php</error>
      <critical line="4" code="50005">No short description for class \core\Database</critical>
      <critical line="42" code="50019">No short description for property $mysql</critical>
    </parse_markers>
  </file>
  <package name="Default" full_name="Default"/>
  <package name="core" full_name="core"/>
  <namespace name="core" full_name="core"/>
  <marker count="0">todo</marker>
  <marker count="0">fixme</marker>
  <deprecated count="0"/>
</project>
